저희,사람,코로나,회사,국민,지원,피해자,사건,국민,병원,아이,시장,지역,보험,학교,주택,정책,공사,업체,한국,백신,사업,마스크,사고,기술,근무,불법,동물,게임,조합
아이,생각,상황,직원,대통령,코로나,처벌,수사,우리,치료,교사,투자,주민,장애인,학생,임대,부동산,주민,산업,중국,간호사,토지,판매,차량,개발,시간,사이트,반려,취소,조합원
엄마,지금,방역,조사,국가,영업,사건,경찰,대한민국,환자,교육,금융,시민,여성,수업,분양,주택,마을,사업,일본,간호사,개발,제품,안전,환경,직원,광고,고양이,결혼식,선거
너무,정말,진자,확인,정부,지급,피해,검찰,대통령,수술,어린이집,기업,서울,센터,시험,계약,정부,관리,기업,대한민국,의료,허가,사용,운전,연구,회사,사진,강아지,결혼식,건설
아들,나오,감염,사실,언론,만원,가해자,검사,나라,입원,아동,주식,도시,복지,교육,아파트,규제,아파트,공장,우리,의사,제조,구매,버스,오염,일하,변호,유기,환불,투표
당하,모르,정부,대표,의원,지원금,학대,피해자,생각,검사,시험,공매도,노선,의무,대학,대출,투기,소음,운영,해외,접종,평가,가격,도로,한국,근로자,정보,중개,인원,총회
가족,ㄴ가요,발생,처리,장관,운영,범죄,증거,국가,상태,부모,거래,계획,제도,학원,사업자,지역,민원,계약,미국,환자,건축,소비자,선수,발전,고용,작가,보호,골프,조합장
전화,너무,격리,기관,헌법,정부,아동,범죄,드리,의사,학교,투자자,교통,사회,교수,임차인,주택자,피해,대기업,나라,보건,구역,공급,교통,원전,노동자,담배,농업,예비,행사
사람,그렇,국민,해당,대한민국,매출,사람,판결,사람,진료,선생님,개인,시설,부대,학년,전세,가격,안전,수수료,정부,업무,승인,유통,음주,물질,근로자,인터넷,입양,골프장,노조
시간,이렇,생각,본인,국회,상황,보호,판사,지금,보호자,보육,주주,안전,국가,공부,임대인,아파트,구청,문제,입국,인력,보상,생산,택시,발전소,업무,올리,농민,유저,사면
제가,안되는,검사,업무,공정,재난,폭력,재판,모든,아버지,가정,회사,발전,남성,등교,세대,세금,공무원,기계,우리나라,병원,계획,구입,운행,쓰레기,임금,만들,마리,결재,파업
억울,어떻,거리,요청,개혁,상공인,영상,조사,지키,이상,시간,기관,철도,차별,대학교,입주,집값,도로,입찰,외국인,기관,제항,국민,어린이,치료제,현장,차단,농지,항공,지역
다시,나요,마스크,답변,자유,저희,행위,허의,사회,가족,유치원,제도,사업,장애인,교육부,거주,대책,현장,배달,국민,정부,변경,업체,오토바이,전력,노동자,프로그램,통신,예약,단체
아버지,이것,조치,민원,정의,힘들,신고,경찰서,모두,사망,생각,경제,인구공원,생활,문제,등록,적용,건물,회사,국가,건강,추진,수입,단속,정부,택배,동영상,농장,말소,임원
남편,습니까,안전,사기,시키,제한,당하,법원,바라,어머니,학부모,은행,국토,군인,온라인,기간,서민,설치,관리,세계,부족,LH,정부,발생,폐기물,출근,링크,식품,여행,현장
마음,만들,금지,지급,재인,대출,여성,진술,정부,진단,원장,주가,수도권,군대,교육청,보증금,대출,발생,장비,북한,전문,재개발,인증,체육,에너지,정규직,홍보,농사,신랑,위원장
우리,힘들,단계,정부,국회의원,정책,생각,기소,가지,요양,문제,정부,예산,가족,개학,세입자,공급,시청,안전,국내,복지,정비,국내,협회,문화재,기사,여자,중개사,여행사,막걸리
연락,그런데,시설,요구,책임,기준,사실,형사,청년,사고,상황,자금,공항,보험사,생각,공공,조정,입주민,발생,현재,국민,부지,전자,주차,산업,수당,로그,보호법,제한,불법
생각,많이,확산,계약,사회,업종,폭행,고소,노력,결과,필요,한국,경기도,가입,준비,임대차,서울,허가,운송,문화,현재,감정,가능,속도,연구원,해고,이용,공인,만원,서초
상황,ㄹ까요,위험,자료,행위,급여,강력,사실,마음,저희,교실,폐지,이전,보장,고등학교,LH,국민,문제,비용,역사,의료인,도시,마트,대회,결과,노동부,사람,생명,부부,참석
나오,네요,사람,당하,보도,어렵,자신,처분,감사,응급,자녀,자산,행정,보상,채용,부동산,발표,불법,기사,상황,필요,행정,제조,사망,세계,직장,검색,온도,소년,시키
말하,제발,자가,위원회,단체,업자,청소년,행위,여러분,증상,보호,가치,신도시,복무,평가,청약,소득,화재,상황,국제,공공,시설,시장,통학,우리,노조,이용자,사료,탑승,분담금
친구,ㄹ지,바이러스,서류,검찰,소득,방송,변호사,께서,응급실,기관,수익,반대,건강,상황,현재,이상,행정,서비스,외국,정책,선정,온라인,스포츠,환겨웁,작업,삭제,등록,규제,무대
이야기,하지만,교회,부당,만들,자영업자,가해,불법,가족,의료,상담,이익,시장,연금,실습,건물,오르,철거,현재,한국인,의료법,제호,필요,이상,기후,환경,게시,키우,피해,관리
보내,주세,ㅂ니다,감사,주장,집합,ㅂ니다,구속,부탁,질환,초등학교,시키,지방,지원,중학교,상황,기준,시설,사업자,중국인,무사,수용,약국,책임,배출,저희,도용,농가,신부,추가
힘들,올리,현재,소송,민주당,생계,범죄자,조작,어렵,통증,보내,양도,이용,문제,입시,월세,소급,해결,화물,독도,면허,시행,수출,위험,과학,퇴사,단속,농촌,아이템,선관위
아빠,하나,지침,피해,시민,버티,성범죄,제출,희망,소견,수험생,시스템,현재,보험료,시간,잔금,상승,하천,업계,전쟁,행위,설립,ㅂ니다,체육회,바다,퇴근,카메라,백성,예식,금지법
모르,그냥,모든,진행,권력,세금,기사,가해자,누구,건강 ,심리,손실,추진,훈련,수능,오피스텔,양도,우리,설치,배트남,요양,환경,방법,설치,사용,the,드라마,나이,고객,해임
신고,다른,지금,신고,총장,카페,저지르,대법원,세상,,우리,증권,호선,병사,합격,보증,국토,건설,납품,국적,근무,해당,고객,,위기,배송,휴대폰,사람,웨딩,우리
다른,이러,,공무원,자신 ,금액 ,피하,대법관,,,어린이,삼성,,,현재,계약서,거주,사용,작업 ,비자,개선,신청,상품,,해양,산재,사용,,영화,노동조합
